LapNumber,Stint,Compound,Driver,Team,TrackStatus,LapTime(s)
1.0,1.0,2,18,8,12,84.238
2.0,1.0,2,18,8,1,79.367
3.0,1.0,2,18,8,1,79.074
4.0,1.0,2,18,8,1,78.129
5.0,1.0,2,18,8,1,78.019
6.0,1.0,2,18,8,1,77.64
7.0,1.0,2,18,8,1,77.633
8.0,1.0,2,18,8,1,77.397
9.0,1.0,2,18,8,1,77.031
10.0,1.0,2,18,8,1,77.084
11.0,1.0,2,18,8,1,76.858
12.0,1.0,2,18,8,12,76.993
13.0,1.0,2,18,8,21,77.434
14.0,1.0,2,18,8,12,77.065
15.0,1.0,2,18,8,21,77.079
16.0,1.0,2,18,8,1,76.824
17.0,1.0,2,18,8,1,76.86
18.0,1.0,2,18,8,1,76.712
19.0,1.0,2,18,8,1,76.823
20.0,1.0,2,18,8,1,77.214
21.0,1.0,2,18,8,1,76.803
22.0,1.0,2,18,8,1,76.659
23.0,1.0,2,18,8,1,76.604
24.0,1.0,2,18,8,1,76.798
25.0,1.0,2,18,8,1,77.183
26.0,1.0,2,18,8,1,77.212
27.0,1.0,2,18,8,1,77.259
28.0,1.0,2,18,8,1,77.77
29.0,1.0,2,18,8,1,78.001
30.0,1.0,2,18,8,1,78.16
31.0,1.0,2,18,8,1,78.741
32.0,1.0,2,18,8,1,78.816
33.0,1.0,2,18,8,1,78.946
34.0,1.0,2,18,8,1,78.044
35.0,1.0,2,18,8,1,78.024
36.0,1.0,2,18,8,1,77.974
37.0,1.0,2,18,8,1,77.273
38.0,1.0,2,18,8,1,77.122
39.0,1.0,2,18,8,1,76.966
40.0,1.0,2,18,8,1,77.161
41.0,1.0,2,18,8,1,76.944
42.0,1.0,2,18,8,1,76.8
43.0,1.0,2,18,8,1,76.963
44.0,1.0,2,18,8,1,76.722
45.0,1.0,2,18,8,1,76.701
46.0,1.0,2,18,8,1,77.075
47.0,1.0,2,18,8,1,77.16
48.0,1.0,2,18,8,1,77.065
49.0,1.0,2,18,8,1,77.428
50.0,1.0,2,18,8,1,77.314
51.0,1.0,2,18,8,1,77.427
52.0,1.0,2,18,8,1,84.046
53.0,1.0,2,18,8,1,89.919
54.0,1.0,2,18,8,1,98.946
55.0,1.0,2,18,8,12,130.567
56.0,2.0,1,18,8,21,106.131
57.0,2.0,1,18,8,1,103.464
58.0,2.0,1,18,8,12,102.808
59.0,2.0,1,18,8,12,103.791
60.0,2.0,1,18,8,12,101.54
61.0,2.0,1,18,8,12,100.797
62.0,2.0,1,18,8,1,99.272
63.0,2.0,1,18,8,1,99.61
64.0,2.0,1,18,8,1,98.364
65.0,2.0,1,18,8,1,97.16
66.0,2.0,1,18,8,1,94.035
67.0,2.0,1,18,8,1,92.921
68.0,2.0,1,18,8,1,93.659
69.0,2.0,1,18,8,12,91.607
70.0,2.0,1,18,8,1,91.244
71.0,2.0,1,18,8,1,90.363
72.0,2.0,1,18,8,1,90.402
73.0,2.0,1,18,8,1,88.386
74.0,2.0,1,18,8,1,86.864
75.0,2.0,1,18,8,1,85.518
76.0,2.0,1,18,8,1,85.316
77.0,2.0,1,18,8,1,85.46
78.0,2.0,1,18,8,1,85.201
1.0,1.0,0,4,2,12,89.701
2.0,1.0,0,4,2,1,80.636
3.0,1.0,0,4,2,1,80.282
4.0,1.0,0,4,2,1,79.577
5.0,1.0,0,4,2,1,78.893
6.0,1.0,0,4,2,1,78.842
7.0,1.0,0,4,2,1,78.604
8.0,1.0,0,4,2,1,79.317
9.0,1.0,0,4,2,1,78.788
10.0,1.0,0,4,2,1,78.31
11.0,1.0,0,4,2,1,78.367
12.0,1.0,0,4,2,12,78.582
13.0,1.0,0,4,2,1,77.713
14.0,1.0,0,4,2,12,78.564
15.0,1.0,0,4,2,1,78.284
16.0,1.0,0,4,2,1,78.298
17.0,1.0,0,4,2,1,77.99
18.0,1.0,0,4,2,1,78.453
19.0,1.0,0,4,2,1,78.109
20.0,1.0,0,4,2,1,78.587
21.0,1.0,0,4,2,1,77.81
22.0,1.0,0,4,2,1,78.213
23.0,1.0,0,4,2,1,77.942
24.0,1.0,0,4,2,1,77.577
25.0,1.0,0,4,2,1,77.54
26.0,1.0,0,4,2,1,77.912
27.0,1.0,0,4,2,1,78.012
28.0,1.0,0,4,2,1,77.285
29.0,1.0,0,4,2,1,77.373
30.0,1.0,0,4,2,1,77.083
31.0,1.0,0,4,2,1,78.015
32.0,1.0,0,4,2,1,77.384
33.0,1.0,0,4,2,1,77.45
34.0,1.0,0,4,2,1,77.207
35.0,1.0,0,4,2,1,77.421
36.0,1.0,0,4,2,1,77.668
37.0,1.0,0,4,2,1,77.212
38.0,1.0,0,4,2,1,77.556
39.0,1.0,0,4,2,1,77.102
40.0,1.0,0,4,2,1,77.221
41.0,1.0,0,4,2,1,77.654
42.0,1.0,0,4,2,1,78.559
43.0,1.0,0,4,2,1,77.699
44.0,1.0,0,4,2,1,78.042
45.0,1.0,0,4,2,1,76.839
46.0,1.0,0,4,2,1,76.997
47.0,1.0,0,4,2,1,93.267
48.0,2.0,2,4,2,1,79.884
49.0,2.0,2,4,2,1,75.831
50.0,2.0,2,4,2,1,75.955
51.0,2.0,2,4,2,1,76.711
52.0,2.0,2,4,2,1,82.349
53.0,2.0,2,4,2,1,95.781
54.0,2.0,2,4,2,12,121.097
55.0,3.0,1,4,2,21,103.22
56.0,3.0,1,4,2,21,101.478
57.0,3.0,1,4,2,1,103.496
58.0,3.0,1,4,2,12,103.238
59.0,3.0,1,4,2,12,103.477
60.0,3.0,1,4,2,21,102.923
61.0,3.0,1,4,2,12,102.263
62.0,3.0,1,4,2,1,100.864
63.0,3.0,1,4,2,1,100.28
64.0,3.0,1,4,2,1,99.374
65.0,3.0,1,4,2,1,98.169
66.0,3.0,1,4,2,1,96.252
67.0,3.0,1,4,2,1,94.612
68.0,3.0,1,4,2,12,93.318
69.0,3.0,1,4,2,21,96.097
70.0,3.0,1,4,2,1,91.098
71.0,3.0,1,4,2,1,90.098
72.0,3.0,1,4,2,1,89.916
73.0,3.0,1,4,2,1,88.128
74.0,3.0,1,4,2,1,87.856
75.0,3.0,1,4,2,1,86.378
76.0,3.0,1,4,2,1,86.077
77.0,3.0,1,4,2,1,85.607
78.0,3.0,1,4,2,1,86.578
1.0,1.0,2,11,8,12,118.19
2.0,2.0,0,11,8,1,79.704
3.0,2.0,0,11,8,1,76.387
4.0,2.0,0,11,8,1,76.535
5.0,2.0,0,11,8,1,76.269
6.0,2.0,0,11,8,1,76.458
7.0,2.0,0,11,8,1,77.399
8.0,2.0,0,11,8,1,77.937
9.0,2.0,0,11,8,1,78.254
10.0,2.0,0,11,8,1,79.787
11.0,2.0,0,11,8,12,79.848
12.0,2.0,0,11,8,21,80.433
13.0,2.0,0,11,8,1,80.797
14.0,2.0,0,11,8,12,80.283
15.0,2.0,0,11,8,1,80.418
16.0,2.0,0,11,8,1,80.487
17.0,2.0,0,11,8,1,81.315
18.0,2.0,0,11,8,1,78.092
19.0,2.0,0,11,8,1,77.867
20.0,2.0,0,11,8,1,77.979
21.0,2.0,0,11,8,1,78.523
22.0,2.0,0,11,8,1,78.803
23.0,2.0,0,11,8,1,78.604
24.0,2.0,0,11,8,1,78.624
25.0,2.0,0,11,8,1,78.541
26.0,2.0,0,11,8,1,79.877
27.0,2.0,0,11,8,1,79.319
28.0,2.0,0,11,8,1,79.611
29.0,2.0,0,11,8,1,79.986
30.0,2.0,0,11,8,1,80.771
31.0,2.0,0,11,8,1,79.292
32.0,2.0,0,11,8,1,79.607
33.0,2.0,0,11,8,1,82.083
34.0,2.0,0,11,8,1,106.451
35.0,3.0,2,11,8,1,79.581
36.0,3.0,2,11,8,1,76.882
37.0,3.0,2,11,8,1,76.706
38.0,3.0,2,11,8,1,76.353
39.0,3.0,2,11,8,1,76.445
40.0,3.0,2,11,8,1,76.755
41.0,3.0,2,11,8,1,77.959
42.0,3.0,2,11,8,1,77.46
43.0,3.0,2,11,8,1,77.847
44.0,3.0,2,11,8,1,77.616
45.0,3.0,2,11,8,1,77.128
46.0,3.0,2,11,8,1,77.047
47.0,3.0,2,11,8,1,76.859
48.0,3.0,2,11,8,1,76.98
49.0,3.0,2,11,8,1,78.524
50.0,3.0,2,11,8,1,84.856
51.0,3.0,2,11,8,1,85.645
52.0,3.0,2,11,8,1,98.2
53.0,3.0,2,11,8,1,115.544
54.0,4.0,1,11,8,12,102.332
55.0,4.0,1,11,8,21,100.446
56.0,4.0,1,11,8,1,105.055
57.0,4.0,1,11,8,12,125.839
58.0,5.0,4,11,8,12,105.989
59.0,5.0,4,11,8,21,100.595
60.0,5.0,4,11,8,12,101.082
61.0,5.0,4,11,8,1,101.22
62.0,5.0,4,11,8,1,99.631
63.0,5.0,4,11,8,1,99.405
64.0,5.0,4,11,8,1,97.112
65.0,5.0,4,11,8,1,97.675
66.0,5.0,4,11,8,1,96.451
67.0,5.0,4,11,8,12,95.957
68.0,5.0,4,11,8,21,96.297
69.0,5.0,4,11,8,1,95.708
70.0,5.0,4,11,8,1,118.066
71.0,6.0,1,11,8,1,96.744
72.0,6.0,1,11,8,1,89.537
73.0,6.0,1,11,8,1,86.82
74.0,6.0,1,11,8,1,85.704
75.0,6.0,1,11,8,1,94.148
76.0,6.0,1,11,8,1,90.273
1.0,1.0,0,1,3,12,85.527
2.0,1.0,0,1,3,1,79.646
3.0,1.0,0,1,3,1,79.113
4.0,1.0,0,1,3,1,78.776
5.0,1.0,0,1,3,1,77.939
6.0,1.0,0,1,3,1,77.952
7.0,1.0,0,1,3,1,77.505
8.0,1.0,0,1,3,1,77.391
9.0,1.0,0,1,3,1,77.783
10.0,1.0,0,1,3,1,77.324
11.0,1.0,0,1,3,1,77.249
12.0,1.0,0,1,3,12,77.588
13.0,1.0,0,1,3,21,78.443
14.0,1.0,0,1,3,12,77.508
15.0,1.0,0,1,3,1,77.444
16.0,1.0,0,1,3,1,77.17
17.0,1.0,0,1,3,1,77.699
18.0,1.0,0,1,3,1,77.528
19.0,1.0,0,1,3,1,77.258
20.0,1.0,0,1,3,1,77.13
21.0,1.0,0,1,3,1,77.664
22.0,1.0,0,1,3,1,77.947
23.0,1.0,0,1,3,1,77.272
24.0,1.0,0,1,3,1,77.285
25.0,1.0,0,1,3,1,77.182
26.0,1.0,0,1,3,1,77.141
27.0,1.0,0,1,3,1,77.228
28.0,1.0,0,1,3,1,77.562
29.0,1.0,0,1,3,1,77.111
30.0,1.0,0,1,3,1,76.965
31.0,1.0,0,1,3,1,77.259
32.0,1.0,0,1,3,1,77.637
33.0,1.0,0,1,3,1,77.816
34.0,1.0,0,1,3,1,79.297
35.0,1.0,0,1,3,1,78.634
36.0,1.0,0,1,3,1,77.876
37.0,1.0,0,1,3,1,77.974
38.0,1.0,0,1,3,1,77.141
39.0,1.0,0,1,3,1,77.705
40.0,1.0,0,1,3,1,77.63
41.0,1.0,0,1,3,1,77.016
42.0,1.0,0,1,3,1,76.719
43.0,1.0,0,1,3,1,76.674
44.0,1.0,0,1,3,1,76.919
45.0,1.0,0,1,3,1,76.862
46.0,1.0,0,1,3,1,77.114
47.0,1.0,0,1,3,1,77.108
48.0,1.0,0,1,3,1,76.931
49.0,1.0,0,1,3,1,76.992
50.0,1.0,0,1,3,1,77.408
51.0,1.0,0,1,3,1,79.991
52.0,1.0,0,1,3,1,84.967
53.0,1.0,0,1,3,1,90.862
54.0,1.0,0,1,3,1,110.311
55.0,2.0,2,1,3,12,126.635
56.0,3.0,1,1,3,21,108.531
57.0,3.0,1,1,3,1,102.581
58.0,3.0,1,1,3,12,101.267
59.0,3.0,1,1,3,21,100.897
60.0,3.0,1,1,3,12,100.638
61.0,3.0,1,1,3,12,102.727
62.0,3.0,1,1,3,1,100.467
63.0,3.0,1,1,3,1,99.671
64.0,3.0,1,1,3,1,98.135
65.0,3.0,1,1,3,1,97.64
66.0,3.0,1,1,3,1,96.332
67.0,3.0,1,1,3,1,93.205
68.0,3.0,1,1,3,1,92.841
69.0,3.0,1,1,3,12,93.864
70.0,3.0,1,1,3,1,91.23
71.0,3.0,1,1,3,1,91.057
72.0,3.0,1,1,3,1,89.419
73.0,3.0,1,1,3,1,90.346
74.0,3.0,1,1,3,1,87.245
75.0,3.0,1,1,3,1,85.7
76.0,3.0,1,1,3,1,86.931
77.0,3.0,1,1,3,1,84.701
78.0,3.0,1,1,3,1,85.668
1.0,1.0,0,7,4,12,89.108
2.0,1.0,0,7,4,1,80.549
3.0,1.0,0,7,4,1,80.021
4.0,1.0,0,7,4,1,79.468
5.0,1.0,0,7,4,1,78.837
6.0,1.0,0,7,4,1,78.829
7.0,1.0,0,7,4,1,78.645
8.0,1.0,0,7,4,1,79.165
9.0,1.0,0,7,4,1,78.809
10.0,1.0,0,7,4,1,78.219
11.0,1.0,0,7,4,1,78.162
12.0,1.0,0,7,4,12,78.15
13.0,1.0,0,7,4,1,78.018
14.0,1.0,0,7,4,12,78.394
15.0,1.0,0,7,4,1,78.312
16.0,1.0,0,7,4,1,78.316
17.0,1.0,0,7,4,1,78.234
18.0,1.0,0,7,4,1,78.361
19.0,1.0,0,7,4,1,78.19
20.0,1.0,0,7,4,1,78.365
21.0,1.0,0,7,4,1,78.127
22.0,1.0,0,7,4,1,77.886
23.0,1.0,0,7,4,1,77.922
24.0,1.0,0,7,4,1,77.586
25.0,1.0,0,7,4,1,77.619
26.0,1.0,0,7,4,1,77.879
27.0,1.0,0,7,4,1,77.602
28.0,1.0,0,7,4,1,77.48
29.0,1.0,0,7,4,1,77.065
30.0,1.0,0,7,4,1,77.559
31.0,1.0,0,7,4,1,77.876
32.0,1.0,0,7,4,1,77.282
33.0,1.0,0,7,4,1,77.163
34.0,1.0,0,7,4,1,77.461
35.0,1.0,0,7,4,1,77.467
36.0,1.0,0,7,4,1,77.491
37.0,1.0,0,7,4,1,77.361
38.0,1.0,0,7,4,1,77.483
39.0,1.0,0,7,4,1,77.213
40.0,1.0,0,7,4,1,77.237
41.0,1.0,0,7,4,1,78.328
42.0,1.0,0,7,4,1,77.801
43.0,1.0,0,7,4,1,78.451
44.0,1.0,0,7,4,1,95.442
45.0,2.0,2,7,4,1,79.563
46.0,2.0,2,7,4,1,75.773
47.0,2.0,2,7,4,1,76.358
48.0,2.0,2,7,4,1,76.971
49.0,2.0,2,7,4,1,76.283
50.0,2.0,2,7,4,1,75.956
51.0,2.0,2,7,4,1,77.017
52.0,2.0,2,7,4,1,83.243
53.0,2.0,2,7,4,1,93.259
54.0,2.0,2,7,4,1,95.725
55.0,2.0,2,7,4,12,129.246
56.0,3.0,1,7,4,21,103.008
57.0,3.0,1,7,4,1,103.373
58.0,3.0,1,7,4,12,103.473
59.0,3.0,1,7,4,12,102.305
60.0,3.0,1,7,4,21,102.852
61.0,3.0,1,7,4,12,102.262
62.0,3.0,1,7,4,1,101.144
63.0,3.0,1,7,4,1,100.396
64.0,3.0,1,7,4,1,99.223
65.0,3.0,1,7,4,1,98.481
66.0,3.0,1,7,4,1,95.05
67.0,3.0,1,7,4,1,94.515
68.0,3.0,1,7,4,12,93.903
69.0,3.0,1,7,4,21,95.087
70.0,3.0,1,7,4,1,92.309
71.0,3.0,1,7,4,1,90.198
72.0,3.0,1,7,4,1,88.677
73.0,3.0,1,7,4,1,89.177
74.0,3.0,1,7,4,1,87.848
75.0,3.0,1,7,4,1,86.923
76.0,3.0,1,7,4,1,86.435
77.0,3.0,1,7,4,1,85.965
78.0,3.0,1,7,4,1,86.939
1.0,1.0,0,16,3,12,99.562
2.0,1.0,0,16,3,1,79.989
3.0,1.0,0,16,3,1,79.928
4.0,1.0,0,16,3,1,79.998
5.0,1.0,0,16,3,1,80.438
6.0,1.0,0,16,3,1,79.785
7.0,1.0,0,16,3,1,79.417
8.0,1.0,0,16,3,1,78.733
9.0,1.0,0,16,3,1,78.659
10.0,1.0,0,16,3,1,79.893
11.0,1.0,0,16,3,12,79.758
12.0,1.0,0,16,3,21,80.639
13.0,1.0,0,16,3,1,80.847
14.0,1.0,0,16,3,12,80.295
15.0,1.0,0,16,3,1,80.203
16.0,1.0,0,16,3,1,80.545
17.0,1.0,0,16,3,1,81.17
18.0,1.0,0,16,3,1,77.769
19.0,1.0,0,16,3,1,77.915
20.0,1.0,0,16,3,1,78.061
21.0,1.0,0,16,3,1,78.594
22.0,1.0,0,16,3,1,78.548
23.0,1.0,0,16,3,1,78.927
24.0,1.0,0,16,3,1,78.439
25.0,1.0,0,16,3,1,79.058
26.0,1.0,0,16,3,1,78.926
27.0,1.0,0,16,3,1,79.772
28.0,1.0,0,16,3,1,79.86
29.0,1.0,0,16,3,1,79.831
30.0,1.0,0,16,3,1,79.86
31.0,1.0,0,16,3,1,81.753
32.0,1.0,0,16,3,1,79.387
33.0,1.0,0,16,3,1,80.446
34.0,1.0,0,16,3,1,78.583
35.0,1.0,0,16,3,1,81.072
36.0,1.0,0,16,3,1,79.544
37.0,1.0,0,16,3,1,78.76
38.0,1.0,0,16,3,1,78.424
39.0,1.0,0,16,3,1,78.498
40.0,1.0,0,16,3,1,78.498
41.0,1.0,0,16,3,1,78.574
42.0,1.0,0,16,3,1,78.732
43.0,1.0,0,16,3,1,78.898
44.0,1.0,0,16,3,1,78.533
45.0,1.0,0,16,3,1,78.374
46.0,1.0,0,16,3,1,78.723
47.0,1.0,0,16,3,1,79.033
48.0,1.0,0,16,3,1,78.573
49.0,1.0,0,16,3,1,78.418
50.0,1.0,0,16,3,1,80.218
51.0,1.0,0,16,3,1,104.501
52.0,2.0,1,16,3,1,92.189
53.0,2.0,1,16,3,1,96.321
1.0,1.0,2,15,9,12,97.689
2.0,1.0,2,15,9,1,79.658
3.0,1.0,2,15,9,1,80.219
4.0,1.0,2,15,9,1,80.246
5.0,1.0,2,15,9,1,80.214
6.0,1.0,2,15,9,1,79.312
7.0,1.0,2,15,9,1,79.239
8.0,1.0,2,15,9,1,78.947
9.0,1.0,2,15,9,1,79.529
10.0,1.0,2,15,9,1,80.334
11.0,1.0,2,15,9,12,80.089
12.0,1.0,2,15,9,21,80.638
13.0,1.0,2,15,9,1,80.702
14.0,1.0,2,15,9,12,80.318
15.0,1.0,2,15,9,1,80.28
16.0,1.0,2,15,9,1,80.471
17.0,1.0,2,15,9,1,83.236
18.0,1.0,2,15,9,1,81.41
19.0,1.0,2,15,9,1,82.328
20.0,1.0,2,15,9,1,97.211
21.0,2.0,0,15,9,1,81.646
22.0,2.0,0,15,9,1,77.483
23.0,2.0,0,15,9,1,98.195
24.0,3.0,3,15,9,1,80.682
25.0,3.0,3,15,9,1,77.894
26.0,3.0,3,15,9,1,78.033
27.0,3.0,3,15,9,1,77.875
28.0,3.0,3,15,9,1,77.74
29.0,3.0,3,15,9,1,77.753
30.0,3.0,3,15,9,1,77.535
31.0,3.0,3,15,9,1,77.493
32.0,3.0,3,15,9,1,77.302
33.0,3.0,3,15,9,1,77.344
34.0,3.0,3,15,9,1,77.666
35.0,3.0,3,15,9,1,78.638
36.0,3.0,3,15,9,1,77.372
37.0,3.0,3,15,9,1,77.383
38.0,3.0,3,15,9,1,80.017
39.0,3.0,3,15,9,1,81.035
40.0,3.0,3,15,9,1,79.469
41.0,3.0,3,15,9,1,78.519
42.0,3.0,3,15,9,1,78.625
43.0,3.0,3,15,9,1,78.773
44.0,3.0,3,15,9,1,82.125
45.0,3.0,3,15,9,1,79.618
46.0,3.0,3,15,9,1,79.028
47.0,3.0,3,15,9,1,78.91
48.0,3.0,3,15,9,1,79.212
49.0,3.0,3,15,9,1,82.128
50.0,3.0,3,15,9,1,83.12
51.0,3.0,3,15,9,1,92.385
52.0,3.0,3,15,9,1,117.918
53.0,4.0,1,15,9,12,102.041
54.0,4.0,1,15,9,21,98.806
55.0,4.0,1,15,9,1,101.078
56.0,4.0,1,15,9,12,102.285
57.0,4.0,1,15,9,12,118.063
58.0,4.0,1,15,9,12,102.599
59.0,4.0,1,15,9,12,103.687
60.0,4.0,1,15,9,1,102.558
61.0,4.0,1,15,9,1,100.969
62.0,4.0,1,15,9,1,99.586
63.0,4.0,1,15,9,1,103.289
64.0,4.0,1,15,9,1,98.302
65.0,4.0,1,15,9,1,98.073
66.0,4.0,1,15,9,1,96.293
67.0,4.0,1,15,9,12,99.467
68.0,4.0,1,15,9,1,91.921
69.0,4.0,1,15,9,1,93.193
70.0,4.0,1,15,9,1,118.263
71.0,4.0,1,15,9,1,89.015
72.0,4.0,1,15,9,1,92.354
73.0,4.0,1,15,9,1,87.137
74.0,4.0,1,15,9,1,87.954
75.0,4.0,1,15,9,1,87.968
76.0,4.0,1,15,9,1,89.076
1.0,1.0,0,8,5,12,98.425
2.0,1.0,0,8,5,1,80.175
3.0,1.0,0,8,5,1,79.929
4.0,1.0,0,8,5,1,80.407
5.0,1.0,0,8,5,1,80.224
6.0,1.0,0,8,5,1,79.352
7.0,1.0,0,8,5,1,79.512
8.0,1.0,0,8,5,1,79.052
9.0,1.0,0,8,5,1,78.914
10.0,1.0,0,8,5,1,79.929
11.0,1.0,0,8,5,12,79.824
12.0,1.0,0,8,5,21,80.487
13.0,1.0,0,8,5,1,80.886
14.0,1.0,0,8,5,12,80.328
15.0,1.0,0,8,5,1,80.287
16.0,1.0,0,8,5,1,80.464
17.0,1.0,0,8,5,1,79.206
18.0,1.0,0,8,5,1,78.727
19.0,1.0,0,8,5,1,78.445
20.0,1.0,0,8,5,1,78.354
21.0,1.0,0,8,5,1,78.8
22.0,1.0,0,8,5,1,78.767
23.0,1.0,0,8,5,1,78.926
24.0,1.0,0,8,5,1,78.497
25.0,1.0,0,8,5,1,78.694
26.0,1.0,0,8,5,1,79.023
27.0,1.0,0,8,5,1,79.849
28.0,1.0,0,8,5,1,79.768
29.0,1.0,0,8,5,1,79.91
30.0,1.0,0,8,5,1,79.753
31.0,1.0,0,8,5,1,79.276
32.0,1.0,0,8,5,1,81.543
33.0,1.0,0,8,5,1,80.882
34.0,1.0,0,8,5,1,78.747
35.0,1.0,0,8,5,1,79.274
36.0,1.0,0,8,5,1,80.942
37.0,1.0,0,8,5,1,78.849
38.0,1.0,0,8,5,1,78.498
39.0,1.0,0,8,5,1,78.634
40.0,1.0,0,8,5,1,78.508
41.0,1.0,0,8,5,1,78.351
42.0,1.0,0,8,5,1,78.63
43.0,1.0,0,8,5,1,78.522
44.0,1.0,0,8,5,1,78.447
45.0,1.0,0,8,5,1,78.92
46.0,1.0,0,8,5,1,78.384
47.0,1.0,0,8,5,1,78.685
48.0,1.0,0,8,5,1,78.745
49.0,1.0,0,8,5,1,78.854
50.0,1.0,0,8,5,1,80.301
51.0,1.0,0,8,5,1,85.595
52.0,1.0,0,8,5,1,90.696
53.0,1.0,0,8,5,1,98.955
54.0,1.0,0,8,5,12,110.776
55.0,1.0,0,8,5,21,127.055
57.0,2.0,4,8,5,21,108.018
58.0,2.0,4,8,5,12,146.648
59.0,2.0,4,8,5,12,103.755
60.0,2.0,4,8,5,1,100.559
61.0,2.0,4,8,5,1,101.219
62.0,2.0,4,8,5,1,99.789
63.0,2.0,4,8,5,1,100.016
64.0,2.0,4,8,5,1,99.995
65.0,2.0,4,8,5,1,100.703
66.0,2.0,4,8,5,12,97.778
67.0,2.0,4,8,5,1,100.088
68.0,2.0,4,8,5,1,103.925
69.0,2.0,4,8,5,1,99.407
70.0,2.0,4,8,5,1,101.853
1.0,1.0,2,3,1,12,93.449
2.0,1.0,2,3,1,1,81.764
3.0,1.0,2,3,1,1,80.58
4.0,1.0,2,3,1,1,80.376
5.0,1.0,2,3,1,1,79.79
6.0,1.0,2,3,1,1,79.224
7.0,1.0,2,3,1,1,79.038
8.0,1.0,2,3,1,1,78.743
9.0,1.0,2,3,1,1,79.454
10.0,1.0,2,3,1,1,78.957
11.0,1.0,2,3,1,12,79.07
12.0,1.0,2,3,1,21,80.182
13.0,1.0,2,3,1,1,79.419
14.0,1.0,2,3,1,12,79.479
15.0,1.0,2,3,1,1,79.081
16.0,1.0,2,3,1,1,79.004
17.0,1.0,2,3,1,1,79.182
18.0,1.0,2,3,1,1,79.281
19.0,1.0,2,3,1,1,79.234
20.0,1.0,2,3,1,1,79.188
21.0,1.0,2,3,1,1,79.398
22.0,1.0,2,3,1,1,79.578
23.0,1.0,2,3,1,1,79.699
24.0,1.0,2,3,1,1,80.198
25.0,1.0,2,3,1,1,80.132
26.0,1.0,2,3,1,1,80.163
27.0,1.0,2,3,1,1,80.154
28.0,1.0,2,3,1,1,79.973
29.0,1.0,2,3,1,1,80.009
30.0,1.0,2,3,1,1,79.267
31.0,1.0,2,3,1,1,79.067
32.0,1.0,2,3,1,1,78.941
33.0,1.0,2,3,1,1,79.071
34.0,1.0,2,3,1,1,79.328
35.0,1.0,2,3,1,1,80.911
36.0,1.0,2,3,1,1,79.072
37.0,1.0,2,3,1,1,79.096
38.0,1.0,2,3,1,1,78.75
39.0,1.0,2,3,1,1,80.38
40.0,1.0,2,3,1,1,78.413
41.0,1.0,2,3,1,1,78.207
42.0,1.0,2,3,1,1,77.814
43.0,1.0,2,3,1,1,77.561
44.0,1.0,2,3,1,1,77.646
45.0,1.0,2,3,1,1,77.746
46.0,1.0,2,3,1,1,77.785
47.0,1.0,2,3,1,1,77.579
48.0,1.0,2,3,1,1,77.608
49.0,1.0,2,3,1,1,78.016
50.0,1.0,2,3,1,1,78.497
51.0,1.0,2,3,1,1,84.546
52.0,1.0,2,3,1,1,89.326
53.0,1.0,2,3,1,1,118.795
54.0,2.0,1,3,1,12,107.858
55.0,2.0,1,3,1,21,108.77
56.0,2.0,1,3,1,1,104.129
57.0,2.0,1,3,1,12,106.026
58.0,2.0,1,3,1,21,103.778
59.0,2.0,1,3,1,12,104.385
60.0,2.0,1,3,1,12,102.056
61.0,2.0,1,3,1,1,101.415
62.0,2.0,1,3,1,1,100.276
63.0,2.0,1,3,1,1,100.486
64.0,2.0,1,3,1,1,98.636
65.0,2.0,1,3,1,1,96.475
66.0,2.0,1,3,1,1,95.654
67.0,2.0,1,3,1,1,94.011
68.0,2.0,1,3,1,12,99.526
69.0,2.0,1,3,1,1,91.939
70.0,2.0,1,3,1,1,91.636
71.0,2.0,1,3,1,1,90.107
72.0,2.0,1,3,1,1,90.085
73.0,2.0,1,3,1,1,87.595
74.0,2.0,1,3,1,1,86.478
75.0,2.0,1,3,1,1,86.435
76.0,2.0,1,3,1,1,86.282
77.0,2.0,1,3,1,1,88.038
1.0,1.0,2,17,1,12,91.317
2.0,1.0,2,17,1,1,81.288
3.0,1.0,2,17,1,1,80.281
4.0,1.0,2,17,1,1,80.032
5.0,1.0,2,17,1,1,79.296
6.0,1.0,2,17,1,1,78.73
7.0,1.0,2,17,1,1,78.712
8.0,1.0,2,17,1,1,78.951
9.0,1.0,2,17,1,1,78.859
10.0,1.0,2,17,1,1,78.697
11.0,1.0,2,17,1,1,79.297
12.0,1.0,2,17,1,12,79.627
13.0,1.0,2,17,1,1,78.8
14.0,1.0,2,17,1,12,78.481
15.0,1.0,2,17,1,1,78.439
16.0,1.0,2,17,1,1,78.246
17.0,1.0,2,17,1,1,78.368
18.0,1.0,2,17,1,1,79.026
19.0,1.0,2,17,1,1,78.567
20.0,1.0,2,17,1,1,79.131
21.0,1.0,2,17,1,1,79.26
22.0,1.0,2,17,1,1,79.152
23.0,1.0,2,17,1,1,79.239
24.0,1.0,2,17,1,1,79.314
25.0,1.0,2,17,1,1,79.335
26.0,1.0,2,17,1,1,79.272
27.0,1.0,2,17,1,1,78.465
28.0,1.0,2,17,1,1,78.369
29.0,1.0,2,17,1,1,78.2
30.0,1.0,2,17,1,1,78.335
31.0,1.0,2,17,1,1,78.463
32.0,1.0,2,17,1,1,78.519
33.0,1.0,2,17,1,1,78.457
34.0,1.0,2,17,1,1,78.039
35.0,1.0,2,17,1,1,77.75
36.0,1.0,2,17,1,1,77.68
37.0,1.0,2,17,1,1,77.992
38.0,1.0,2,17,1,1,78.195
39.0,1.0,2,17,1,1,78.338
40.0,1.0,2,17,1,1,78.328
41.0,1.0,2,17,1,1,78.074
42.0,1.0,2,17,1,1,78.189
43.0,1.0,2,17,1,1,78.046
44.0,1.0,2,17,1,1,78.0
45.0,1.0,2,17,1,1,77.879
46.0,1.0,2,17,1,1,77.956
47.0,1.0,2,17,1,1,78.169
48.0,1.0,2,17,1,1,78.098
49.0,1.0,2,17,1,1,78.32
50.0,1.0,2,17,1,1,78.64
51.0,1.0,2,17,1,1,83.804
52.0,1.0,2,17,1,1,92.268
53.0,1.0,2,17,1,1,125.687
54.0,2.0,1,17,1,12,101.01
55.0,2.0,1,17,1,12,101.834
56.0,2.0,1,17,1,1,102.479
57.0,2.0,1,17,1,12,102.945
58.0,2.0,1,17,1,12,105.898
59.0,2.0,1,17,1,12,102.608
60.0,2.0,1,17,1,12,103.593
61.0,2.0,1,17,1,1,102.234
62.0,2.0,1,17,1,1,100.84
63.0,2.0,1,17,1,1,99.932
64.0,2.0,1,17,1,1,103.104
65.0,2.0,1,17,1,1,98.497
66.0,2.0,1,17,1,1,97.427
67.0,2.0,1,17,1,1,97.623
68.0,2.0,1,17,1,12,137.012
69.0,2.0,1,17,1,1,100.44
70.0,2.0,1,17,1,1,93.923
71.0,2.0,1,17,1,1,91.757
72.0,2.0,1,17,1,1,89.958
73.0,2.0,1,17,1,1,88.138
74.0,2.0,1,17,1,1,88.759
75.0,2.0,1,17,1,1,87.332
76.0,2.0,1,17,1,1,94.205
1.0,1.0,2,0,9,12,94.616
2.0,1.0,2,0,9,1,80.977
3.0,1.0,2,0,9,1,80.703
4.0,1.0,2,0,9,1,80.276
5.0,1.0,2,0,9,1,79.967
6.0,1.0,2,0,9,1,79.165
7.0,1.0,2,0,9,1,79.055
8.0,1.0,2,0,9,1,78.796
9.0,1.0,2,0,9,1,79.293
10.0,1.0,2,0,9,1,79.338
11.0,1.0,2,0,9,12,79.278
12.0,1.0,2,0,9,21,80.31
13.0,1.0,2,0,9,1,79.885
14.0,1.0,2,0,9,12,80.259
15.0,1.0,2,0,9,1,80.892
16.0,1.0,2,0,9,1,80.443
17.0,1.0,2,0,9,1,80.624
18.0,1.0,2,0,9,1,98.414
19.0,2.0,0,0,9,1,83.193
20.0,2.0,0,0,9,1,78.47
21.0,2.0,0,0,9,1,77.131
22.0,2.0,0,0,9,1,77.105
23.0,2.0,0,0,9,1,77.064
24.0,2.0,0,0,9,1,76.672
25.0,2.0,0,0,9,1,76.793
26.0,2.0,0,0,9,1,76.962
27.0,2.0,0,0,9,1,77.36
28.0,2.0,0,0,9,1,78.528
29.0,2.0,0,0,9,1,78.952
30.0,2.0,0,0,9,1,79.457
31.0,2.0,0,0,9,1,79.152
32.0,2.0,0,0,9,1,79.589
33.0,2.0,0,0,9,1,81.559
34.0,2.0,0,0,9,1,80.731
35.0,2.0,0,0,9,1,78.619
36.0,2.0,0,0,9,1,78.804
37.0,2.0,0,0,9,1,79.143
38.0,2.0,0,0,9,1,78.633
39.0,2.0,0,0,9,1,78.774
40.0,2.0,0,0,9,1,78.476
41.0,2.0,0,0,9,1,78.825
42.0,2.0,0,0,9,1,78.93
43.0,2.0,0,0,9,1,78.486
44.0,2.0,0,0,9,1,78.767
45.0,2.0,0,0,9,1,78.829
46.0,2.0,0,0,9,1,78.9
47.0,2.0,0,0,9,1,78.528
48.0,2.0,0,0,9,1,78.882
49.0,2.0,0,0,9,1,80.597
50.0,2.0,0,0,9,1,80.166
51.0,2.0,0,0,9,1,89.941
52.0,2.0,0,0,9,1,115.852
53.0,3.0,1,0,9,1,96.281
54.0,3.0,1,0,9,12,98.297
55.0,3.0,1,0,9,21,105.721
56.0,3.0,1,0,9,1,104.909
57.0,3.0,1,0,9,12,102.2
58.0,3.0,1,0,9,12,106.101
59.0,3.0,1,0,9,21,103.133
60.0,3.0,1,0,9,12,115.401
61.0,3.0,1,0,9,1,101.209
62.0,3.0,1,0,9,1,99.897
63.0,3.0,1,0,9,1,98.649
64.0,3.0,1,0,9,1,97.428
65.0,3.0,1,0,9,1,95.42
66.0,3.0,1,0,9,1,94.016
67.0,3.0,1,0,9,12,93.223
68.0,3.0,1,0,9,21,93.322
69.0,3.0,1,0,9,1,94.087
70.0,3.0,1,0,9,1,90.63
71.0,3.0,1,0,9,1,89.729
72.0,3.0,1,0,9,1,89.217
73.0,3.0,1,0,9,1,92.141
74.0,3.0,1,0,9,1,88.241
75.0,3.0,1,0,9,1,87.197
76.0,3.0,1,0,9,1,86.764
77.0,3.0,1,0,9,1,87.816
1.0,1.0,3,19,0,12,118.785
2.0,2.0,0,19,0,1,80.757
3.0,2.0,0,19,0,1,77.003
4.0,2.0,0,19,0,1,76.946
5.0,2.0,0,19,0,1,76.926
6.0,2.0,0,19,0,1,77.205
7.0,2.0,0,19,0,1,77.408
8.0,2.0,0,19,0,1,77.254
9.0,2.0,0,19,0,1,77.523
10.0,2.0,0,19,0,1,78.449
11.0,2.0,0,19,0,12,79.602
12.0,2.0,0,19,0,21,80.319
13.0,2.0,0,19,0,1,80.561
14.0,2.0,0,19,0,12,80.653
15.0,2.0,0,19,0,1,80.398
16.0,2.0,0,19,0,1,80.727
17.0,2.0,0,19,0,1,80.669
18.0,2.0,0,19,0,1,81.524
19.0,2.0,0,19,0,1,82.387
20.0,2.0,0,19,0,1,80.574
21.0,2.0,0,19,0,1,78.245
22.0,2.0,0,19,0,1,77.588
23.0,2.0,0,19,0,1,77.45
24.0,2.0,0,19,0,1,77.465
25.0,2.0,0,19,0,1,77.771
26.0,2.0,0,19,0,1,78.161
27.0,2.0,0,19,0,1,78.097
28.0,2.0,0,19,0,1,80.78
29.0,2.0,0,19,0,1,78.863
30.0,2.0,0,19,0,1,79.5
31.0,2.0,0,19,0,1,79.192
32.0,2.0,0,19,0,1,79.626
33.0,2.0,0,19,0,1,81.602
34.0,2.0,0,19,0,1,80.587
35.0,2.0,0,19,0,1,78.586
36.0,2.0,0,19,0,1,78.846
37.0,2.0,0,19,0,1,79.099
38.0,2.0,0,19,0,1,78.681
39.0,2.0,0,19,0,1,78.659
40.0,2.0,0,19,0,1,78.607
41.0,2.0,0,19,0,1,78.831
42.0,2.0,0,19,0,1,78.666
43.0,2.0,0,19,0,1,78.701
44.0,2.0,0,19,0,1,78.721
45.0,2.0,0,19,0,1,78.762
46.0,2.0,0,19,0,1,78.66
47.0,2.0,0,19,0,1,78.809
48.0,2.0,0,19,0,1,78.947
49.0,2.0,0,19,0,1,79.065
50.0,2.0,0,19,0,1,81.664
51.0,2.0,0,19,0,1,90.253
52.0,2.0,0,19,0,1,111.997
53.0,3.0,1,19,0,1,96.935
54.0,3.0,1,19,0,12,100.446
55.0,3.0,1,19,0,21,106.545
56.0,3.0,1,19,0,1,101.908
57.0,3.0,1,19,0,12,104.702
58.0,3.0,1,19,0,12,105.564
59.0,3.0,1,19,0,21,103.592
60.0,3.0,1,19,0,12,101.62
61.0,3.0,1,19,0,1,101.501
62.0,3.0,1,19,0,1,100.987
63.0,3.0,1,19,0,1,100.738
64.0,3.0,1,19,0,1,102.573
65.0,3.0,1,19,0,1,99.444
66.0,3.0,1,19,0,1,94.287
67.0,3.0,1,19,0,12,93.464
68.0,3.0,1,19,0,21,94.679
69.0,3.0,1,19,0,1,93.879
70.0,3.0,1,19,0,1,90.405
71.0,3.0,1,19,0,1,89.336
72.0,3.0,1,19,0,1,87.964
73.0,3.0,1,19,0,1,90.119
74.0,3.0,1,19,0,1,88.049
75.0,3.0,1,19,0,1,86.612
76.0,3.0,1,19,0,1,85.717
77.0,3.0,1,19,0,1,86.615
1.0,1.0,2,6,5,12,120.092
2.0,2.0,0,6,5,1,80.434
3.0,2.0,0,6,5,1,77.221
4.0,2.0,0,6,5,1,77.148
5.0,2.0,0,6,5,1,77.045
6.0,2.0,0,6,5,1,76.991
7.0,2.0,0,6,5,1,77.333
8.0,2.0,0,6,5,1,77.237
9.0,2.0,0,6,5,1,77.433
10.0,2.0,0,6,5,1,78.028
11.0,2.0,0,6,5,12,79.596
12.0,2.0,0,6,5,21,80.164
13.0,2.0,0,6,5,1,80.824
14.0,2.0,0,6,5,12,81.254
15.0,2.0,0,6,5,1,80.972
16.0,2.0,0,6,5,1,80.281
17.0,2.0,0,6,5,1,80.171
18.0,2.0,0,6,5,1,81.166
19.0,2.0,0,6,5,1,79.836
20.0,2.0,0,6,5,1,77.642
21.0,2.0,0,6,5,1,77.201
22.0,2.0,0,6,5,1,77.845
23.0,2.0,0,6,5,1,78.009
24.0,2.0,0,6,5,1,78.363
25.0,2.0,0,6,5,1,78.23
26.0,2.0,0,6,5,1,78.664
27.0,2.0,0,6,5,1,78.956
28.0,2.0,0,6,5,1,79.589
29.0,2.0,0,6,5,1,81.412
30.0,2.0,0,6,5,1,78.92
31.0,2.0,0,6,5,1,79.756
32.0,2.0,0,6,5,1,79.708
33.0,2.0,0,6,5,1,81.348
34.0,2.0,0,6,5,1,80.956
35.0,2.0,0,6,5,1,78.327
36.0,2.0,0,6,5,1,79.148
37.0,2.0,0,6,5,1,79.009
38.0,2.0,0,6,5,1,78.602
39.0,2.0,0,6,5,1,78.557
40.0,2.0,0,6,5,1,78.692
41.0,2.0,0,6,5,1,78.606
42.0,2.0,0,6,5,1,78.838
43.0,2.0,0,6,5,1,78.991
44.0,2.0,0,6,5,1,78.467
45.0,2.0,0,6,5,1,78.751
46.0,2.0,0,6,5,1,78.608
47.0,2.0,0,6,5,1,78.857
48.0,2.0,0,6,5,1,78.789
49.0,2.0,0,6,5,1,79.036
50.0,2.0,0,6,5,1,80.238
51.0,2.0,0,6,5,1,88.292
52.0,2.0,0,6,5,1,91.149
53.0,2.0,0,6,5,1,100.881
54.0,2.0,0,6,5,12,139.643
55.0,3.0,1,6,5,21,104.22
56.0,3.0,1,6,5,1,103.79
57.0,3.0,1,6,5,12,102.598
58.0,3.0,1,6,5,12,102.188
59.0,3.0,1,6,5,21,119.463
60.0,4.0,4,6,5,12,102.782
61.0,4.0,4,6,5,1,99.565
62.0,4.0,4,6,5,1,98.291
63.0,4.0,4,6,5,1,97.973
64.0,4.0,4,6,5,1,97.628
65.0,4.0,4,6,5,1,96.647
66.0,4.0,4,6,5,1,96.301
67.0,4.0,4,6,5,12,95.656
68.0,4.0,4,6,5,21,96.655
69.0,4.0,4,6,5,1,95.297
70.0,4.0,4,6,5,1,100.947
71.0,4.0,4,6,5,1,93.744
72.0,4.0,4,6,5,1,92.994
73.0,4.0,4,6,5,1,93.111
74.0,4.0,4,6,5,1,94.924
75.0,4.0,4,6,5,1,94.146
76.0,4.0,4,6,5,1,90.26
1.0,1.0,2,10,2,12,86.639
2.0,1.0,2,10,2,1,80.301
3.0,1.0,2,10,2,1,79.704
4.0,1.0,2,10,2,1,79.314
5.0,1.0,2,10,2,1,79.041
6.0,1.0,2,10,2,1,78.731
7.0,1.0,2,10,2,1,78.782
8.0,1.0,2,10,2,1,78.533
9.0,1.0,2,10,2,1,78.594
10.0,1.0,2,10,2,1,78.46
11.0,1.0,2,10,2,1,78.271
12.0,1.0,2,10,2,12,78.515
13.0,1.0,2,10,2,1,78.025
14.0,1.0,2,10,2,12,78.055
15.0,1.0,2,10,2,1,78.018
16.0,1.0,2,10,2,1,77.948
17.0,1.0,2,10,2,1,78.372
18.0,1.0,2,10,2,1,78.22
19.0,1.0,2,10,2,1,78.074
20.0,1.0,2,10,2,1,78.087
21.0,1.0,2,10,2,1,78.161
22.0,1.0,2,10,2,1,78.057
23.0,1.0,2,10,2,1,77.873
24.0,1.0,2,10,2,1,77.498
25.0,1.0,2,10,2,1,77.451
26.0,1.0,2,10,2,1,77.433
27.0,1.0,2,10,2,1,77.145
28.0,1.0,2,10,2,1,76.938
29.0,1.0,2,10,2,1,77.179
30.0,1.0,2,10,2,1,77.334
31.0,1.0,2,10,2,1,77.331
32.0,1.0,2,10,2,1,94.668
33.0,2.0,0,10,2,1,79.289
34.0,2.0,0,10,2,1,76.95
35.0,2.0,0,10,2,1,77.095
36.0,2.0,0,10,2,1,77.304
37.0,2.0,0,10,2,1,77.14
38.0,2.0,0,10,2,1,77.048
39.0,2.0,0,10,2,1,77.169
40.0,2.0,0,10,2,1,77.025
41.0,2.0,0,10,2,1,76.528
42.0,2.0,0,10,2,1,77.01
43.0,2.0,0,10,2,1,77.002
44.0,2.0,0,10,2,1,77.033
45.0,2.0,0,10,2,1,77.271
46.0,2.0,0,10,2,1,76.775
47.0,2.0,0,10,2,1,76.962
48.0,2.0,0,10,2,1,76.968
49.0,2.0,0,10,2,1,77.09
50.0,2.0,0,10,2,1,77.836
51.0,2.0,0,10,2,1,79.453
52.0,2.0,0,10,2,1,86.99
53.0,2.0,0,10,2,1,89.909
54.0,2.0,0,10,2,1,114.547
55.0,3.0,1,10,2,12,102.379
56.0,3.0,1,10,2,21,101.755
57.0,3.0,1,10,2,1,102.554
58.0,3.0,1,10,2,12,103.729
59.0,3.0,1,10,2,21,105.002
60.0,3.0,1,10,2,12,102.527
61.0,3.0,1,10,2,12,102.63
62.0,3.0,1,10,2,1,102.139
63.0,3.0,1,10,2,1,101.123
64.0,3.0,1,10,2,1,100.375
65.0,3.0,1,10,2,1,97.029
66.0,3.0,1,10,2,1,95.456
67.0,3.0,1,10,2,1,94.457
68.0,3.0,1,10,2,1,93.484
69.0,3.0,1,10,2,12,92.501
70.0,3.0,1,10,2,1,90.3
71.0,3.0,1,10,2,1,90.027
72.0,3.0,1,10,2,1,89.541
73.0,3.0,1,10,2,1,87.666
74.0,3.0,1,10,2,1,86.712
75.0,3.0,1,10,2,1,85.133
76.0,3.0,1,10,2,1,84.834
77.0,3.0,1,10,2,1,86.24
78.0,3.0,1,10,2,1,84.231
1.0,1.0,2,9,6,12,92.034
2.0,1.0,2,9,6,1,81.61
3.0,1.0,2,9,6,1,80.396
4.0,1.0,2,9,6,1,80.209
5.0,1.0,2,9,6,1,79.502
6.0,1.0,2,9,6,1,79.045
7.0,1.0,2,9,6,1,78.652
8.0,1.0,2,9,6,1,78.651
9.0,1.0,2,9,6,1,79.065
10.0,1.0,2,9,6,1,79.053
11.0,1.0,2,9,6,1,79.148
12.0,1.0,2,9,6,12,80.277
13.0,1.0,2,9,6,1,78.978
14.0,1.0,2,9,6,12,78.856
15.0,1.0,2,9,6,1,78.855
16.0,1.0,2,9,6,1,78.988
17.0,1.0,2,9,6,1,78.937
18.0,1.0,2,9,6,1,79.01
19.0,1.0,2,9,6,1,79.504
20.0,1.0,2,9,6,1,78.985
21.0,1.0,2,9,6,1,79.074
22.0,1.0,2,9,6,1,78.882
23.0,1.0,2,9,6,1,78.657
24.0,1.0,2,9,6,1,78.681
25.0,1.0,2,9,6,1,78.78
26.0,1.0,2,9,6,1,79.067
27.0,1.0,2,9,6,1,79.109
28.0,1.0,2,9,6,1,78.771
29.0,1.0,2,9,6,1,78.906
30.0,1.0,2,9,6,1,78.568
31.0,1.0,2,9,6,1,78.454
32.0,1.0,2,9,6,1,77.914
33.0,1.0,2,9,6,1,78.042
34.0,1.0,2,9,6,1,78.026
35.0,1.0,2,9,6,1,78.192
36.0,1.0,2,9,6,1,78.05
37.0,1.0,2,9,6,1,78.303
38.0,1.0,2,9,6,1,78.214
39.0,1.0,2,9,6,1,78.151
40.0,1.0,2,9,6,1,78.529
41.0,1.0,2,9,6,1,78.409
42.0,1.0,2,9,6,1,78.149
43.0,1.0,2,9,6,1,78.045
44.0,1.0,2,9,6,1,77.991
45.0,1.0,2,9,6,1,77.862
46.0,1.0,2,9,6,1,77.844
47.0,1.0,2,9,6,1,78.234
48.0,1.0,2,9,6,1,78.297
49.0,1.0,2,9,6,1,78.152
50.0,1.0,2,9,6,1,95.974
51.0,2.0,0,9,6,1,87.706
52.0,2.0,0,9,6,1,88.675
53.0,2.0,0,9,6,1,92.162
54.0,2.0,0,9,6,12,132.003
55.0,3.0,1,9,6,21,103.38
56.0,3.0,1,9,6,1,100.384
57.0,3.0,1,9,6,12,100.421
58.0,3.0,1,9,6,12,102.13
59.0,3.0,1,9,6,12,101.216
60.0,3.0,1,9,6,12,101.789
61.0,3.0,1,9,6,1,99.545
62.0,3.0,1,9,6,1,98.893
63.0,3.0,1,9,6,1,98.511
64.0,3.0,1,9,6,1,98.75
65.0,3.0,1,9,6,1,98.818
66.0,3.0,1,9,6,1,96.981
67.0,3.0,1,9,6,1,92.417
68.0,3.0,1,9,6,12,91.037
69.0,3.0,1,9,6,1,90.126
70.0,3.0,1,9,6,1,88.512
71.0,3.0,1,9,6,1,88.373
72.0,3.0,1,9,6,1,85.959
73.0,3.0,1,9,6,1,85.767
74.0,3.0,1,9,6,1,85.471
75.0,3.0,1,9,6,1,85.278
76.0,3.0,1,9,6,1,85.767
77.0,3.0,1,9,6,1,86.888
1.0,1.0,2,5,7,12,88.585
2.0,1.0,2,5,7,1,80.527
3.0,1.0,2,5,7,1,80.105
4.0,1.0,2,5,7,1,79.356
5.0,1.0,2,5,7,1,78.736
6.0,1.0,2,5,7,1,78.958
7.0,1.0,2,5,7,1,78.651
8.0,1.0,2,5,7,1,79.051
9.0,1.0,2,5,7,1,78.829
10.0,1.0,2,5,7,1,78.173
11.0,1.0,2,5,7,1,77.926
12.0,1.0,2,5,7,12,78.23
13.0,1.0,2,5,7,1,78.084
14.0,1.0,2,5,7,12,78.422
15.0,1.0,2,5,7,1,78.189
16.0,1.0,2,5,7,1,78.31
17.0,1.0,2,5,7,1,78.254
18.0,1.0,2,5,7,1,78.37
19.0,1.0,2,5,7,1,78.207
20.0,1.0,2,5,7,1,78.121
21.0,1.0,2,5,7,1,78.311
22.0,1.0,2,5,7,1,77.393
23.0,1.0,2,5,7,1,78.053
24.0,1.0,2,5,7,1,77.431
25.0,1.0,2,5,7,1,77.643
26.0,1.0,2,5,7,1,77.716
27.0,1.0,2,5,7,1,77.322
28.0,1.0,2,5,7,1,77.334
29.0,1.0,2,5,7,1,77.372
30.0,1.0,2,5,7,1,77.742
31.0,1.0,2,5,7,1,95.467
32.0,2.0,0,5,7,1,78.165
33.0,2.0,0,5,7,1,75.65
34.0,2.0,0,5,7,1,78.357
35.0,2.0,0,5,7,1,77.159
36.0,2.0,0,5,7,1,77.688
37.0,2.0,0,5,7,1,77.711
38.0,2.0,0,5,7,1,77.167
39.0,2.0,0,5,7,1,77.293
40.0,2.0,0,5,7,1,76.962
41.0,2.0,0,5,7,1,76.588
42.0,2.0,0,5,7,1,76.58
43.0,2.0,0,5,7,1,76.529
44.0,2.0,0,5,7,1,76.88
45.0,2.0,0,5,7,1,78.833
46.0,2.0,0,5,7,1,76.85
47.0,2.0,0,5,7,1,76.257
48.0,2.0,0,5,7,1,76.86
49.0,2.0,0,5,7,1,76.781
50.0,2.0,0,5,7,1,77.11
51.0,2.0,0,5,7,1,78.294
52.0,2.0,0,5,7,1,86.237
53.0,2.0,0,5,7,1,91.341
54.0,2.0,0,5,7,1,115.141
55.0,3.0,1,5,7,12,99.603
56.0,3.0,1,5,7,21,101.277
57.0,3.0,1,5,7,1,103.278
58.0,3.0,1,5,7,12,103.378
59.0,3.0,1,5,7,21,105.199
60.0,3.0,1,5,7,12,103.041
61.0,3.0,1,5,7,12,102.396
62.0,3.0,1,5,7,1,102.287
63.0,3.0,1,5,7,1,101.315
64.0,3.0,1,5,7,1,98.957
65.0,3.0,1,5,7,1,97.636
66.0,3.0,1,5,7,1,96.203
67.0,3.0,1,5,7,1,94.539
68.0,3.0,1,5,7,1,92.866
69.0,3.0,1,5,7,12,93.757
70.0,3.0,1,5,7,1,89.68
71.0,3.0,1,5,7,1,89.667
72.0,3.0,1,5,7,1,89.415
73.0,3.0,1,5,7,1,87.735
74.0,3.0,1,5,7,1,86.304
75.0,3.0,1,5,7,1,85.242
76.0,3.0,1,5,7,1,84.651
77.0,3.0,1,5,7,1,86.21
78.0,3.0,1,5,7,1,85.105
1.0,1.0,0,14,4,12,87.39
2.0,1.0,0,14,4,1,80.593
3.0,1.0,0,14,4,1,79.958
4.0,1.0,0,14,4,1,79.482
5.0,1.0,0,14,4,1,78.723
6.0,1.0,0,14,4,1,78.764
7.0,1.0,0,14,4,1,78.697
8.0,1.0,0,14,4,1,78.637
9.0,1.0,0,14,4,1,78.306
10.0,1.0,0,14,4,1,78.07
11.0,1.0,0,14,4,1,78.265
12.0,1.0,0,14,4,12,78.947
13.0,1.0,0,14,4,1,78.286
14.0,1.0,0,14,4,12,78.107
15.0,1.0,0,14,4,1,77.883
16.0,1.0,0,14,4,1,78.239
17.0,1.0,0,14,4,1,78.36
18.0,1.0,0,14,4,1,78.178
19.0,1.0,0,14,4,1,77.999
20.0,1.0,0,14,4,1,78.032
21.0,1.0,0,14,4,1,78.006
22.0,1.0,0,14,4,1,78.007
23.0,1.0,0,14,4,1,78.006
24.0,1.0,0,14,4,1,77.912
25.0,1.0,0,14,4,1,77.464
26.0,1.0,0,14,4,1,77.366
27.0,1.0,0,14,4,1,77.318
28.0,1.0,0,14,4,1,77.316
29.0,1.0,0,14,4,1,77.171
30.0,1.0,0,14,4,1,77.22
31.0,1.0,0,14,4,1,77.465
32.0,1.0,0,14,4,1,77.18
33.0,1.0,0,14,4,1,93.612
34.0,2.0,2,14,4,1,80.767
35.0,2.0,2,14,4,1,76.628
36.0,2.0,2,14,4,1,77.979
37.0,2.0,2,14,4,1,77.565
38.0,2.0,2,14,4,1,76.786
39.0,2.0,2,14,4,1,77.175
40.0,2.0,2,14,4,1,77.023
41.0,2.0,2,14,4,1,76.651
42.0,2.0,2,14,4,1,76.467
43.0,2.0,2,14,4,1,76.449
44.0,2.0,2,14,4,1,77.76
45.0,2.0,2,14,4,1,77.146
46.0,2.0,2,14,4,1,77.22
47.0,2.0,2,14,4,1,76.732
48.0,2.0,2,14,4,1,76.561
49.0,2.0,2,14,4,1,77.014
50.0,2.0,2,14,4,1,76.917
51.0,2.0,2,14,4,1,79.013
52.0,2.0,2,14,4,1,86.201
53.0,2.0,2,14,4,1,90.068
54.0,2.0,2,14,4,1,97.315
55.0,2.0,2,14,4,12,139.381
56.0,3.0,1,14,4,21,102.32
57.0,3.0,1,14,4,1,101.192
58.0,3.0,1,14,4,12,103.462
59.0,3.0,1,14,4,12,102.82
60.0,3.0,1,14,4,21,103.041
61.0,3.0,1,14,4,12,102.633
62.0,3.0,1,14,4,1,100.78
63.0,3.0,1,14,4,1,99.899
64.0,3.0,1,14,4,1,99.306
65.0,3.0,1,14,4,1,97.838
66.0,3.0,1,14,4,1,96.238
67.0,3.0,1,14,4,1,94.999
68.0,3.0,1,14,4,12,93.322
69.0,3.0,1,14,4,21,95.394
70.0,3.0,1,14,4,1,92.13
71.0,3.0,1,14,4,1,89.92
72.0,3.0,1,14,4,1,89.849
73.0,3.0,1,14,4,1,87.84
74.0,3.0,1,14,4,1,88.585
75.0,3.0,1,14,4,1,86.388
76.0,3.0,1,14,4,1,85.776
77.0,3.0,1,14,4,1,85.579
78.0,3.0,1,14,4,1,86.283
1.0,1.0,0,13,7,12,90.387
2.0,1.0,0,13,7,1,81.155
3.0,1.0,0,13,7,1,80.291
4.0,1.0,0,13,7,1,80.03
5.0,1.0,0,13,7,1,78.84
6.0,1.0,0,13,7,1,78.945
7.0,1.0,0,13,7,1,78.583
8.0,1.0,0,13,7,1,78.99
9.0,1.0,0,13,7,1,79.025
10.0,1.0,0,13,7,1,78.566
11.0,1.0,0,13,7,1,78.483
12.0,1.0,0,13,7,12,78.459
13.0,1.0,0,13,7,1,77.787
14.0,1.0,0,13,7,12,78.286
15.0,1.0,0,13,7,1,78.531
16.0,1.0,0,13,7,1,78.502
17.0,1.0,0,13,7,1,78.244
18.0,1.0,0,13,7,1,78.229
19.0,1.0,0,13,7,1,78.299
20.0,1.0,0,13,7,1,78.32
21.0,1.0,0,13,7,1,78.086
22.0,1.0,0,13,7,1,77.879
23.0,1.0,0,13,7,1,78.111
24.0,1.0,0,13,7,1,77.709
25.0,1.0,0,13,7,1,77.648
26.0,1.0,0,13,7,1,77.9
27.0,1.0,0,13,7,1,77.837
28.0,1.0,0,13,7,1,77.353
29.0,1.0,0,13,7,1,77.332
30.0,1.0,0,13,7,1,77.3
31.0,1.0,0,13,7,1,77.404
32.0,1.0,0,13,7,1,77.474
33.0,1.0,0,13,7,1,77.556
34.0,1.0,0,13,7,1,77.569
35.0,1.0,0,13,7,1,77.568
36.0,1.0,0,13,7,1,77.111
37.0,1.0,0,13,7,1,77.335
38.0,1.0,0,13,7,1,77.195
39.0,1.0,0,13,7,1,77.339
40.0,1.0,0,13,7,1,77.215
41.0,1.0,0,13,7,1,77.323
42.0,1.0,0,13,7,1,77.979
43.0,1.0,0,13,7,1,77.847
44.0,1.0,0,13,7,1,77.967
45.0,1.0,0,13,7,1,77.545
46.0,1.0,0,13,7,1,77.068
47.0,1.0,0,13,7,1,77.06
48.0,1.0,0,13,7,1,76.798
49.0,1.0,0,13,7,1,77.223
50.0,1.0,0,13,7,1,77.635
51.0,1.0,0,13,7,1,79.64
52.0,1.0,0,13,7,1,84.754
53.0,1.0,0,13,7,1,88.625
54.0,1.0,0,13,7,1,117.545
55.0,2.0,1,13,7,12,115.804
56.0,2.0,1,13,7,21,101.302
57.0,2.0,1,13,7,1,103.554
58.0,2.0,1,13,7,12,102.155
59.0,2.0,1,13,7,12,103.463
60.0,2.0,1,13,7,21,103.53
61.0,2.0,1,13,7,12,101.329
62.0,2.0,1,13,7,1,101.104
63.0,2.0,1,13,7,1,99.713
64.0,2.0,1,13,7,1,98.229
65.0,2.0,1,13,7,1,96.696
66.0,2.0,1,13,7,1,95.991
67.0,2.0,1,13,7,1,94.751
68.0,2.0,1,13,7,1,93.647
69.0,2.0,1,13,7,12,93.734
70.0,2.0,1,13,7,1,90.929
71.0,2.0,1,13,7,1,90.709
72.0,2.0,1,13,7,1,90.012
73.0,2.0,1,13,7,1,88.921
74.0,2.0,1,13,7,1,87.787
75.0,2.0,1,13,7,1,86.399
76.0,2.0,1,13,7,1,85.436
77.0,2.0,1,13,7,1,86.978
78.0,2.0,1,13,7,1,87.209
1.0,1.0,0,2,0,12,96.914
2.0,1.0,0,2,0,1,80.021
3.0,1.0,0,2,0,1,80.142
4.0,1.0,0,2,0,1,80.341
5.0,1.0,0,2,0,1,80.022
6.0,1.0,0,2,0,1,79.165
7.0,1.0,0,2,0,1,79.167
8.0,1.0,0,2,0,1,78.774
9.0,1.0,0,2,0,1,79.007
10.0,1.0,0,2,0,1,79.527
11.0,1.0,0,2,0,12,79.38
12.0,1.0,0,2,0,21,80.206
13.0,1.0,0,2,0,1,79.511
14.0,1.0,0,2,0,12,80.067
15.0,1.0,0,2,0,1,80.912
16.0,1.0,0,2,0,1,80.48
17.0,1.0,0,2,0,1,80.577
18.0,1.0,0,2,0,1,78.764
19.0,1.0,0,2,0,1,77.824
20.0,1.0,0,2,0,1,78.024
21.0,1.0,0,2,0,1,78.024
22.0,1.0,0,2,0,1,78.26
23.0,1.0,0,2,0,1,78.737
24.0,1.0,0,2,0,1,80.068
25.0,1.0,0,2,0,1,80.203
26.0,1.0,0,2,0,1,80.222
27.0,1.0,0,2,0,1,80.162
28.0,1.0,0,2,0,1,79.853
29.0,1.0,0,2,0,1,80.208
30.0,1.0,0,2,0,1,79.393
31.0,1.0,0,2,0,1,79.021
32.0,1.0,0,2,0,1,79.47
33.0,1.0,0,2,0,1,78.655
34.0,1.0,0,2,0,1,80.226
35.0,1.0,0,2,0,1,79.889
36.0,1.0,0,2,0,1,79.139
37.0,1.0,0,2,0,1,79.112
38.0,1.0,0,2,0,1,80.07
39.0,1.0,0,2,0,1,78.876
40.0,1.0,0,2,0,1,78.968
41.0,1.0,0,2,0,1,78.706
42.0,1.0,0,2,0,1,78.435
43.0,1.0,0,2,0,1,78.685
44.0,1.0,0,2,0,1,78.606
45.0,1.0,0,2,0,1,78.202
46.0,1.0,0,2,0,1,78.153
47.0,1.0,0,2,0,1,78.343
48.0,1.0,0,2,0,1,78.151
49.0,1.0,0,2,0,1,78.383
50.0,1.0,0,2,0,1,79.704
51.0,1.0,0,2,0,1,109.586
52.0,2.0,1,2,0,1,92.154
53.0,2.0,1,2,0,1,92.72
54.0,2.0,1,2,0,12,98.747
55.0,2.0,1,2,0,21,103.627
56.0,2.0,1,2,0,1,100.028
57.0,2.0,1,2,0,12,100.402
58.0,2.0,1,2,0,12,102.952
59.0,2.0,1,2,0,12,102.622
60.0,2.0,1,2,0,12,101.926
61.0,2.0,1,2,0,1,100.096
62.0,2.0,1,2,0,1,99.577
63.0,2.0,1,2,0,1,99.237
64.0,2.0,1,2,0,1,97.459
65.0,2.0,1,2,0,1,96.44
66.0,2.0,1,2,0,1,95.048
67.0,2.0,1,2,0,1,95.077
68.0,2.0,1,2,0,12,94.038
69.0,2.0,1,2,0,1,90.766
70.0,2.0,1,2,0,1,92.495
71.0,2.0,1,2,0,1,91.967
72.0,2.0,1,2,0,1,92.025
73.0,2.0,1,2,0,1,87.23
74.0,2.0,1,2,0,1,86.646
75.0,2.0,1,2,0,1,86.553
76.0,2.0,1,2,0,1,84.637
77.0,2.0,1,2,0,1,84.139
1.0,1.0,0,12,6,12,93.07
2.0,1.0,0,12,6,1,81.804
3.0,1.0,0,12,6,1,80.532
4.0,1.0,0,12,6,1,80.408
5.0,1.0,0,12,6,1,79.707
6.0,1.0,0,12,6,1,79.247
7.0,1.0,0,12,6,1,78.869
8.0,1.0,0,12,6,1,78.828
9.0,1.0,0,12,6,1,79.346
10.0,1.0,0,12,6,1,79.015
11.0,1.0,0,12,6,1,78.9
12.0,1.0,0,12,6,12,80.302
13.0,1.0,0,12,6,1,79.265
14.0,1.0,0,12,6,12,79.285
15.0,1.0,0,12,6,1,79.134
16.0,1.0,0,12,6,1,78.718
17.0,1.0,0,12,6,1,79.053
18.0,1.0,0,12,6,1,78.765
19.0,1.0,0,12,6,1,79.416
20.0,1.0,0,12,6,1,79.281
21.0,1.0,0,12,6,1,79.065
22.0,1.0,0,12,6,1,79.025
23.0,1.0,0,12,6,1,79.52
24.0,1.0,0,12,6,1,79.359
25.0,1.0,0,12,6,1,79.382
26.0,1.0,0,12,6,1,80.198
27.0,1.0,0,12,6,1,79.524
28.0,1.0,0,12,6,1,78.485
29.0,1.0,0,12,6,1,78.335
30.0,1.0,0,12,6,1,78.363
31.0,1.0,0,12,6,1,78.115
32.0,1.0,0,12,6,1,78.39
33.0,1.0,0,12,6,1,78.259
34.0,1.0,0,12,6,1,78.311
35.0,1.0,0,12,6,1,78.328
36.0,1.0,0,12,6,1,77.701
37.0,1.0,0,12,6,1,77.842
38.0,1.0,0,12,6,1,77.73
39.0,1.0,0,12,6,1,77.873
40.0,1.0,0,12,6,1,78.184
41.0,1.0,0,12,6,1,78.555
42.0,1.0,0,12,6,1,78.065
43.0,1.0,0,12,6,1,78.148
44.0,1.0,0,12,6,1,78.041
45.0,1.0,0,12,6,1,77.846
46.0,1.0,0,12,6,1,77.516
47.0,1.0,0,12,6,1,77.513
48.0,1.0,0,12,6,1,78.001
49.0,1.0,0,12,6,1,81.248
50.0,1.0,0,12,6,1,78.201
51.0,1.0,0,12,6,1,83.586
52.0,1.0,0,12,6,1,89.897
53.0,1.0,0,12,6,1,96.843
54.0,1.0,0,12,6,12,131.859
55.0,2.0,1,12,6,21,106.026
56.0,2.0,1,12,6,1,103.482
57.0,2.0,1,12,6,12,103.431
58.0,2.0,1,12,6,12,103.803
59.0,2.0,1,12,6,12,102.379
60.0,2.0,1,12,6,12,101.431
61.0,2.0,1,12,6,1,101.089
62.0,2.0,1,12,6,1,99.78
63.0,2.0,1,12,6,1,98.882
64.0,2.0,1,12,6,1,98.53
65.0,2.0,1,12,6,1,97.419
66.0,2.0,1,12,6,1,94.942
67.0,2.0,1,12,6,1,96.653
68.0,2.0,1,12,6,12,91.909
69.0,2.0,1,12,6,1,91.253
70.0,2.0,1,12,6,1,88.82
71.0,2.0,1,12,6,1,87.67
72.0,2.0,1,12,6,1,88.016
73.0,2.0,1,12,6,1,87.443
74.0,2.0,1,12,6,1,86.185
75.0,2.0,1,12,6,1,86.143
76.0,2.0,1,12,6,1,85.615
77.0,2.0,1,12,6,1,84.785
